<?xml version="1.0" encoding="UTF-8"?>
<!DOCTYPE struts-config PUBLIC "-//Apache Software Foundation//DTD Struts Configuration 1.1//EN" "http://jakarta.apache.org/struts/dtds/struts-config_1_1.dtd">
<struts-config>

	<!-- Data Sources -->
	<data-sources>
	</data-sources>

	<!-- Form Beans -->
	<form-beans>
		<form-bean name="logonForm" type="rad7strutsweb.forms.LogonForm">
		</form-bean>
		<form-bean name="customerAccountForm" type="rad7strutsweb.forms.CustomerAccountForm">
		</form-bean>
		<form-bean name="transactForm" type="rad7strutsweb.forms.TransactForm">
		</form-bean>
	</form-beans>

	<!-- Global Exceptions -->
	<global-exceptions>
	</global-exceptions>

	<!-- Global Forwards -->
	<global-forwards>
	</global-forwards>

	<!-- Action Mappings -->
	<action-mappings>
		<action path="/logon" type="rad7strutsweb.actions.LogonAction" name="logonForm" scope="request" input="/logon.jsp">
			<forward contextRelative="false" name="failure" path="/logon.jsp">
			</forward>
			<forward contextRelative="false" name="success" path="/customerListing.jsp">
			</forward>
			<forward name="cancel" path="/logon.jsp">
			</forward>
		</action>
		<action path="/logoff" forward="/logon.jsp">
		</action>
		<action path="/accountDetails" type="rad7strutsweb.actions.AccountDetailsAction" name="customerAccountForm" scope="request">
			<forward contextRelative="false" name="success" path="/accountDetails.jsp">
			</forward>
			<forward contextRelative="false" name="failure" path="/error.jsp">
			</forward>
		</action>
		<action path="/performTransaction" type="rad7strutsweb.actions.PerformTransactionAction" name="transactForm" scope="request">
			<forward contextRelative="false" name="success" path="/accountDetails.do">
			</forward>
			<forward contextRelative="false" name="failure" path="/error.jsp">
			</forward>
		</action>
		<action path="/contactUs" type="rad7strutsweb.actions.ContactUsAction">
			<forward name="success" path="contactUs.config">
			</forward>
		</action>
		<action path="/aboutUs" type="rad7strutsweb.actions.AboutUsAction">
			<forward name="success" path="aboutUs.config">
			</forward>
		</action>
	</action-mappings>

	<controller processorClass="org.apache.struts.tiles.TilesRequestProcessor" />

	<!-- Message Resources -->
	<message-resources parameter="rad7strutsweb.resources.ApplicationResources"/>
	<plug-in className="org.apache.struts.tiles.TilesPlugin">
		<set-property property="definitions-config" value="/WEB-INF/tiles-defs.xml"/>
		<set-property property="definitions-parser-validate" value="true"/>
		<set-property property="moduleAware" value="true"/>
	</plug-in>
	<plug-in className="org.apache.struts.validator.ValidatorPlugIn">
		<set-property property="pathnames" value="/WEB-INF/validator-rules.xml,/WEB-INF/validation.xml"/>
	</plug-in>

</struts-config>
