<?xml version="1.0" encoding="UTF-8"?>
<itso:Accounts xmlns:itso="http://itso.rad7.xml.com"
	xmlns:xsi="http://www.w3.org/2001/XMLSchema-instance"
	xsi:schemaLocation="http://itso.rad7.xml.com Accounts.xsd ">
	<itso:Account>
		<itso:AccountId>123456</itso:AccountId>
		<itso:AccountType>Savings</itso:AccountType>
		<itso:Balance>20000</itso:Balance>
		<itso:Interest>1.0</itso:Interest>
		<itso:CustomerInfo>
			<itso:FirstName>Henry</itso:FirstName>
			<itso:LastName>Cui</itso:LastName>
			<itso:PhoneNumber>(123) 456-7890</itso:PhoneNumber>
		</itso:CustomerInfo>
	</itso:Account>
	<itso:Account>
		<itso:AccountId>234567</itso:AccountId>
		<itso:AccountType>Loan</itso:AccountType>
		<itso:Balance>20000</itso:Balance>
		<itso:Interest>2.0</itso:Interest>
		<itso:CustomerInfo>
			<itso:FirstName>Ueli</itso:FirstName>
			<itso:LastName>Wahli</itso:LastName>
			<itso:PhoneNumber>(408) 999-9999</itso:PhoneNumber>
		</itso:CustomerInfo>
	</itso:Account>
	<itso:Account>
		<itso:AccountId>345678</itso:AccountId>
		<itso:AccountType>Fixed</itso:AccountType>
		<itso:Balance>30000</itso:Balance>
		<itso:Interest>3.0</itso:Interest>
		<itso:CustomerInfo>
			<itso:FirstName>Pinar</itso:FirstName>
			<itso:LastName>Ugurlu</itso:LastName>
			<itso:PhoneNumber>(987) 654-3210</itso:PhoneNumber>
		</itso:CustomerInfo>
	</itso:Account>
</itso:Accounts>
